Context,"English","Gibberish","French","Spanish","German","Korean","BrazillianPortuguese","SimplifedChinese","Russian","Italian","Portuguese","Hungarian","Japanese","Norwegian","Polish","Dutch","Romanian","Danish","Czech","Swedish","Ukrainian","Greek","Arabic","Vietnamese","Turkish"
"","Road Compactor","Road Compactor","Compacteur routier","Compactador de caminos","Straßenwalze","","","","","","","","","","","","","","","","","","","",""
"","A simple hand-pushed roller that compacts dirt into roads — no engine required, just determination.","A simple hand-pushed roller that compacts dirt into roads — no engine required, just determination.","Un simple rouleau poussé à la main qui compacte la terre en routes — pas besoin de moteur, juste de la détermination.","Un rodillo simple empujado a mano que compacta la tierra en caminos — no necesita motor, solo determinación.","Eine einfache handgeschobene Walze, die Erde zu Straßen verdichtet — kein Motor nötig, nur Entschlossenheit.","","","","","","","","","","","","","","","","","","","",""
"","Rustic Lawnmower","Rustic Lawnmower","Tondeuse rustique","Cortacésped rústico","Rustikaler Rasenmäher","","","","","","","","","","","","","","","","","","","",""
"","A primitive reel mower that cuts grass with nothing but muscle power. Slow but available long before modern machinery.","A primitive reel mower that cuts grass with nothing but muscle power. Slow but available long before modern machinery.","Une tondeuse hélicoïdale primitive qui coupe l'herbe à la seule force des bras. Lente mais disponible bien avant les machines modernes.","Una cortadora de carrete primitiva que corta el césped solo con fuerza muscular. Lenta pero disponible mucho antes de la maquinaria moderna.","Ein primitiver Spindelmäher, der Gras nur mit Muskelkraft schneidet. Langsam, aber verfügbar lange vor modernen Maschinen.","","","","","","","","","","","","","","","","","","","",""
"","Wheeled Seed Drill","Wheeled Seed Drill","Semoir à roues","Sembradora con ruedas","Radsämaschine","","","","","","","","","","","","","","","","","","","",""
"","A rudimentary wheeled planter that sows seeds as you push it through tilled soil. A farmer's first step toward efficient planting.","A rudimentary wheeled planter that sows seeds as you push it through tilled soil. A farmer's first step toward efficient planting.","Un semoir rudimentaire à roues qui sème les graines en le poussant dans la terre labourée. Le premier pas d'un fermier vers un semis efficace.","Una sembradora rudimentaria con ruedas que siembra semillas mientras la empujas por la tierra arada. El primer paso de un agricultor hacia la siembra eficiente.","Eine einfache Radsämaschine, die Samen sät, während man sie durch gepflügten Boden schiebt. Der erste Schritt eines Bauern zu effizienter Aussaat.","","","","","","","","","","","","","","","","","","","",""
"","Wheeled Reaper","Wheeled Reaper","Moissonneuse à roues","Segadora con ruedas","Radmähmaschine","","","","","","","","","","","","","","","","","","","",""
"","A basic wheeled harvester that gathers crops as you push it through fields. Modest but effective before mechanized farming.","A basic wheeled harvester that gathers crops as you push it through fields. Modest but effective before mechanized farming.","Une moissonneuse à roues basique qui récolte les cultures en la poussant à travers les champs. Modeste mais efficace avant l'agriculture mécanisée.","Una cosechadora con ruedas básica que recoge cultivos mientras la empujas por los campos. Modesta pero efectiva antes de la agricultura mecanizada.","Ein einfacher Radernter, der Feldfrüchte einsammelt, während man ihn über die Felder schiebt. Bescheiden aber effektiv vor der mechanisierten Landwirtschaft.","","","","","","","","","","","","","","","","","","","",""
"","Handle Bar","Handle Bar","Poignée de guidon","Manillar","Lenkstange","","","","","","","","","","","","","","","","","","","",""
"","A sturdy iron bar fitted with a wooden grip. A common component used to steer and push various hand-powered tools.","A sturdy iron bar fitted with a wooden grip. A common component used to steer and push various hand-powered tools.","Une barre de fer robuste équipée d'une poignée en bois. Un composant commun utilisé pour diriger et pousser divers outils manuels.","Una barra de hierro resistente con un agarre de madera. Un componente común utilizado para dirigir y empujar diversas herramientas manuales.","Eine robuste Eisenstange mit einem Holzgriff. Eine gängige Komponente zum Lenken und Schieben verschiedener handbetriebener Werkzeuge.","","","","","","","","","","","","","","","","","","","",""
"","Compactor Roller","Compactor Roller","Rouleau compacteur","Rodillo compactador","Verdichtungswalze","","","","","","","","","","","","","","","","","","","",""
"","A heavy iron roller used in the Road Compactor to flatten dirt into smooth roads. Wears down with use.","A heavy iron roller used in the Road Compactor to flatten dirt into smooth roads. Wears down with use.","Un lourd rouleau en fer utilisé dans le Compacteur routier pour aplanir la terre en routes lisses. S'use avec l'utilisation.","Un rodillo pesado de hierro utilizado en el Compactador de caminos para alisar la tierra en caminos lisos. Se desgasta con el uso.","Eine schwere Eisenwalze, die im Straßenwalze verwendet wird, um Erde zu glatten Straßen zu ebnen. Nutzt sich mit der Zeit ab.","","","","","","","","","","","","","","","","","","","",""
"","Reel Blade Assembly","Reel Blade Assembly","Ensemble de lames hélicoïdales","Conjunto de cuchillas de carrete","Spindelmesser-Baugruppe","","","","","","","","","","","","","","","","","","","",""
"","A set of spinning blades used in the Rustic Lawnmower to cut grass into plant fibers. Wears down with use.","A set of spinning blades used in the Rustic Lawnmower to cut grass into plant fibers. Wears down with use.","Un ensemble de lames rotatives utilisé dans la Tondeuse rustique pour couper l'herbe en fibres végétales. S'use avec l'utilisation.","Un conjunto de cuchillas giratorias utilizado en el Cortacésped rústico para cortar el césped en fibras vegetales. Se desgasta con el uso.","Ein Satz rotierender Klingen, der im Rustikalen Rasenmäher verwendet wird, um Gras zu Pflanzenfasern zu schneiden. Nutzt sich mit der Zeit ab.","","","","","","","","","","","","","","","","","","","",""
"","Seed Tray","Seed Tray","Plateau à graines","Bandeja de semillas","Saatschale","","","","","","","","","","","","","","","","","","","",""
"","An iron tray with evenly spaced seed tubes, used in the Wheeled Seed Drill to plant seeds into tilled soil. Wears down with use.","An iron tray with evenly spaced seed tubes, used in the Wheeled Seed Drill to plant seeds into tilled soil. Wears down with use.","Un plateau en fer avec des tubes à graines régulièrement espacés, utilisé dans le Semoir à roues pour planter des graines dans la terre labourée. S'use avec l'utilisation.","Una bandeja de hierro con tubos de semillas uniformemente espaciados, utilizada en la Sembradora con ruedas para plantar semillas en tierra arada. Se desgasta con el uso.","Eine Eisenschale mit gleichmäßig verteilten Saatröhren, die in der Radsämaschine verwendet wird, um Samen in gepflügten Boden zu pflanzen. Nutzt sich mit der Zeit ab.","","","","","","","","","","","","","","","","","","","",""
"","Cultivator Harrow","Cultivator Harrow","Herse cultivatrice","Rastra cultivadora","Grubberegge","","","","","","","","","","","","","","","","","","","",""
"","A set of iron cultivator discs used in the Wheeled Reaper to harvest crops from fields. Wears down with use.","A set of iron cultivator discs used in the Wheeled Reaper to harvest crops from fields. Wears down with use.","Un ensemble de disques cultivateurs en fer utilisé dans la Moissonneuse à roues pour récolter les cultures des champs. S'use avec l'utilisation.","Un conjunto de discos cultivadores de hierro utilizado en la Segadora con ruedas para cosechar cultivos de los campos. Se desgasta con el uso.","Ein Satz eiserner Grubberscheiben, der in der Radmähmaschine verwendet wird, um Feldfrüchte zu ernten. Nutzt sich mit der Zeit ab.","","","","","","","","","","","","","","","","","","","",""
"","Vehicles","Vehicles","Véhicules","Vehículos","Fahrzeuge","","","","","","","","","","","","","","","","","","","",""
"","calorie consumption","calorie consumption","consommation calorique","consumo calórico","Kalorienverbrauch","","","","","","","","","","","","","","","","","","","",""
"","repair cost","repair cost","coût de réparation","coste de reparación","Reparaturkosten","","","","","","","","","","","","","","","","","","","",""
